{
  "chosen_models": [
    "M1",
    "M2",
    "M3",
    "M4"
  ],
  "chosen_weights": [
    0.0,
    0.21232733649141364,
    0.31024425091947844,
    0.47742841258910806
  ],
  "chosen_oof_mae": 2.76442441172973,
  "three_model_mae": 2.767649443004053,
  "four_model_mae": 2.76442441172973,
  "residual_corr_matrix": [
    [
      0.9999999999999999,
      0.9614992417725523,
      0.9999687983943152,
      0.9959401919615122
    ],
    [
      0.9614992417725524,
      0.9999999999999999,
      0.9609720312851218,
      0.956690978964465
    ],
    [
      0.9999687983943151,
      0.9609720312851218,
      1.0,
      0.9960618491696314
    ],
    [
      0.9959401919615122,
      0.956690978964465,
      0.9960618491696314,
      0.9999999999999999
    ]
  ]
}