{
  "best_alpha": 4.0,
  "chronological_mae": 2.984756973679563,
  "oof_mae": 2.9747491051536934,
  "alpha_grid": [
    [
      4.0,
      2.984756973679563
    ],
    [
      3.0,
      2.9917077106362524
    ],
    [
      2.5,
      2.996874366207023
    ],
    [
      2.0,
      3.0044349621556745
    ],
    [
      1.5,
      3.014891402235849
    ],
    [
      1.0,
      3.0302721941487087
    ],
    [
      0.75,
      3.0421481277291043
    ],
    [
      0.6,
      3.0511430626473985
    ],
    [
      0.5,
      3.0580851719457507
    ],
    [
      0.4,
      3.0660711688961646
    ],
    [
      0.3,
      3.0757875671381365
    ]
  ],
  "prediction_stats": {
    "min": 45,
    "max": 109,
    "mean": 79.0176600441501,
    "std": 12.066945228662396
  },
  "feature_count": 45,
  "seeds": [
    42,
    123,
    456,
    789,
    2024
  ],
  "fold_count": 7
}