{
  "alphas": {
    "stable_ridge": 3.0,
    "full_ridge": 6.0,
    "elasticnet_alpha": 0.01,
    "elasticnet_l1_ratio": 0.2,
    "tree_params": {
      "max_depth": 5,
      "learning_rate": 0.07,
      "max_iter": 350,
      "min_samples_leaf": 35,
      "l2_regularization": 0.8,
      "random_state": 42
    },
    "meta_alpha": 0.1
  },
  "chrono_oof_mae_base": {
    "R1_stable": 9.852544111884324,
    "R2_full": 9.848842718613126,
    "EN": 9.881919316624687,
    "TR": 10.440707684980344
  },
  "meta_chrono_mae": 9.488122920580244,
  "meta_weight_proportions": {
    "R1_stable": 0.11993868566327906,
    "R2_full": -0.48546899516180675,
    "EN": 0.36123554692888377,
    "TR": 0.03335677224141013
  },
  "decade_offsets": {},
  "submission_file": "submission_champion_temporal_stack.csv",
  "n_features_full": 45,
  "n_features_stable": 43
}